class,wrist_x,wrist_y,wrist_z,thumb_cmc_dist,thumb_mcp_dist,thumb_dip_dist,thumb_tip_dist,index_cmc_dist,index_mcp_dist,index_dip_dist,index_tip_dist,middle_dip_dist,middle_tip_dist,middle_cmc_dist,middle_mcp_dist,ring_cmc_dist,ring_mcp_dist,ring_dip_dist,ring_tip_dist,pinky_cmc_dist,pinky_mcp_dist,pinky_dip_dist,pinky_tip_dist
paper,0.33841660618782043,0.7583754062652588,8.569401188651682e-09,0.07012534427689121,0.1460317713896772,0.20687449371189642,0.2561864888704539,0.20420790641786624,0.28863648284428,0.34014694508932874,0.386657018802122,0.2064649179023085,0.3017796038061345,0.35949215579329824,0.4104234013814991,0.19737271318714328,0.28337595429053936,0.33927187837334966,0.3870385611438298,0.18425010204351333,0.2480002363857713,0.28846819477442887,0.3276624412062227
paper,0.2949305772781372,0.6893742084503174,7.762263720678675e-09,0.06352562420113686,0.13118247782767506,0.1868793850271961,0.234567634605176,0.1884779740168641,0.27375382559545214,0.32852269412283663,0.3740555676542083,0.1922502966447754,0.2855354880005488,0.3438025861308885,0.39426708706120805,0.18735927802510252,0.27221840830599797,0.32702517984738144,0.37210183707155275,0.1778916635582865,0.2440903462963495,0.2848642933382299,0.3220359817007657
paper,0.3039489686489105,0.6738986968994141,7.2544823481734966e-09,0.06782622438315837,0.13531373294356272,0.19046296147524855,0.23848227171344394,0.18706571715586312,0.268965855643875,0.32134052131678614,0.3651472683245816,0.19259437393387002,0.29324735029109583,0.36120093925736246,0.4199203659293076,0.187463790826907,0.2769002094198946,0.33466336071264613,0.38372255999721716,0.1773316363257473,0.24279208401272373,0.28307960312642505,0.321706663097558
paper,0.31404969096183777,0.6567128300666809,7.873995677698531e-09,0.06561663668841411,0.1315120161463009,0.1855234767051823,0.23145506397069424,0.1883005058992075,0.270174878169221,0.32038266206077415,0.3636147279890608,0.19363453277042988,0.285796463688559,0.3417213920648155,0.39146797951115453,0.1896436309521653,0.2740804569062711,0.32876040259051686,0.3753343180138932,0.18096675774758297,0.2460572820716703,0.28582666543062313,0.32343476238024294
paper,0.30386191606521606,0.7508460283279419,1.140429528589948e-08,0.07102291598074485,0.141145493602333,0.19760330632059164,0.24574023092958178,0.1872990327130572,0.26384585951575235,0.3137562243901755,0.35823104057553146,0.19104790935338084,0.27720054952286155,0.33189796070350003,0.38141002334701474,0.18550249059818624,0.2663636533672837,0.3185776564687056,0.363115034161802,0.17489545250817656,0.23472391142426008,0.2735196581839428,0.30998295506104256
paper,0.3188362419605255,0.7317689657211304,7.977789096003107e-09,0.06496137156623912,0.12591715472202641,0.17876699555982267,0.2277379795202412,0.17549364032555187,0.25193005246399747,0.3030999546647303,0.3440301715514281,0.17916921396994162,0.26479951077488517,0.32107682280851374,0.3676097094380188,0.1722178735666189,0.24930275793014628,0.30169880050181347,0.343024970064221,0.1590826877836761,0.21542119193802126,0.2500068226668925,0.2799355846240326
paper,0.31951460242271423,0.7236304879188538,9.29769061741581e-09,0.06524321529139052,0.13124208766876422,0.18674508273418308,0.2316426824109943,0.18481325286773184,0.26441658616098207,0.31171407964464387,0.35209039501245437,0.19105815221818728,0.27950448332771,0.33152804559156357,0.3776510910274135,0.18642297517624817,0.2662334505462609,0.31510204288060834,0.3573333263528247,0.17596332670552364,0.23549184723497268,0.2760795375700519,0.3159483216129429
paper,0.3242626488208771,0.6867928504943848,8.143029361917797e-09,0.07026208224175719,0.13496443501011612,0.19175606326262506,0.24256177332031234,0.18897174173321635,0.27228649984298264,0.3222537848258227,0.365593421254423,0.19630361634088314,0.2924831912685829,0.3535406201114454,0.4069604422906675,0.19157536887436055,0.28121192810204926,0.3460610498734249,0.4041081627329506,0.18047163549443665,0.24437863177005137,0.28546717313992076,0.3258463276265922
paper,0.37519562244415283,0.6650495529174805,8.096248116373772e-09,0.06582639302938297,0.1309662953516097,0.18539749718760756,0.23244716473247323,0.18610665732534082,0.2648246161840549,0.31465104692299856,0.3565002884130654,0.19390465020423134,0.28355661582119296,0.34028025162049536,0.38831442850898423,0.19086192826064727,0.26968470224652336,0.32292328629001216,0.3652848635724816,0.18093696913573498,0.24228919829633325,0.27723070569844815,0.30671412125305686
paper,0.3868328928947449,0.6861201524734497,1.0604928490920429e-08,0.06576559858619983,0.13851639676142094,0.19767011905231854,0.2455159418252475,0.19382338918086145,0.27336546589016353,0.32523884980504947,0.37245505913921284,0.1982201125411804,0.28940151605420056,0.34743373713397363,0.4013228643447574,0.1898548272843463,0.27510308219788976,0.33006573481143336,0.3771145438249558,0.1746149852130795,0.23853617011864753,0.2800548168258729,0.31850081799382035
paper,0.38974401354789734,0.7033178210258484,8.380357741089028e-09,0.06436208248140937,0.1374673684339469,0.19618316519249887,0.24364652302818526,0.189463943841316,0.26978645786634975,0.31916571408001776,0.36452060332116953,0.19102055869495616,0.2795715073993562,0.3338020400808189,0.3844316725238168,0.18047611657524873,0.2604894506395164,0.31216479226917343,0.35768347477679263,0.16380484564293676,0.22248339701327746,0.26209161015992033,0.3000278377998565
paper,0.37753233313560486,0.7158371806144714,8.28646129491517e-09,0.0627799250858445,0.13001127791299597,0.18533271894324047,0.23185996855168597,0.19201065928666436,0.274333839602905,0.3242765164660144,0.36936424137998647,0.1968252801541673,0.28698015914405384,0.339914946117719,0.3885433019355516,0.18876550700282346,0.2707809534341163,0.3221908554410067,0.366533311381516,0.17380022249478766,0.2356926234286372,0.27934068168905635,0.3211053052710394
paper,0.353812575340271,0.7082830667495728,1.0083244461611685e-08,0.0694654097806906,0.1412082585054922,0.2010178049698413,0.2514561020868252,0.19458489146577015,0.2805876729336345,0.33288277959636986,0.37905477281941735,0.1982972263912658,0.2909915740250345,0.3451350896988621,0.3936729124662673,0.19139250881090802,0.27658530663060277,0.32961282926295893,0.374287334434759,0.17961926187170907,0.2430728879034662,0.2843192001207439,0.32310928901757635
paper,0.32095199823379517,0.6758137345314026,9.041647430763078e-09,0.0672845430299288,0.1341185571554756,0.19058169854476306,0.23778572057229283,0.19068719141867446,0.2725554045834889,0.3224894056530927,0.3656273742257659,0.19577607146222745,0.28705586815609596,0.3421854605795279,0.3915239544790684,0.19005171079916736,0.27501473056428094,0.3284592553629855,0.3738025220577161,0.1790751507954409,0.24360358327890275,0.2832399077011126,0.3203783125274145
paper,0.25519099831581116,0.5851167440414429,7.694635151267448e-09,0.06387048114813569,0.12093260084452293,0.17112890779939804,0.21493977228082045,0.17769129226390773,0.25488456723681024,0.3042142049522798,0.34456280893246954,0.18379442736695334,0.2690392420091733,0.3238331710032285,0.36935281028372,0.18004157993325373,0.2595751531655508,0.3129214614079929,0.35514362599377214,0.16974914379947512,0.23004360088059597,0.26710745724647456,0.2978444918296297
paper,0.22650259733200073,0.5578027963638306,5.875322450776821e-09,0.06441599614682066,0.11764212602039571,0.16511217574674747,0.20914880793780383,0.16165215336508765,0.23354265846775657,0.2816075777494469,0.3222878569894869,0.17045970686477663,0.25266190196663385,0.30887122085520735,0.35641633154503555,0.17037934708149252,0.24738240418494847,0.3005552709435615,0.3431646143318743,0.16366151407165141,0.22388683565806444,0.2601411514319065,0.29028183134774727
scissors,0.29611167311668396,0.794112503528595,3.214036814469523e-09,0.05078204208099381,0.10657435153237799,0.13812507079927533,0.15849634108672708,0.1827643794026128,0.25996806285846497,0.30833888048866703,0.3498550511706427,0.18008477132113448,0.26949564326314956,0.3239193439356765,0.36823466702005536,0.16681661056464536,0.22937249289165415,0.1986832172678125,0.16487398765951114,0.14995244479919267,0.18885612076684485,0.1711334896172347,0.14749086809305698
scissors,0.2967480421066284,0.7933420538902283,2.9451479033326677e-09,0.05291153271939689,0.10902648559594517,0.13969438145717986,0.16222589467849047,0.18435120461813093,0.2593392362661748,0.30698544742438205,0.3483609569900331,0.18154149138708905,0.26865502401718483,0.32205792018777973,0.3644428068887376,0.16815413622442169,0.22560621241121645,0.19689423836158257,0.16534202499154638,0.1526860826635641,0.1900911097377885,0.17415129996442857,0.15294919979952032
scissors,0.296377956867218,0.7876532077789307,2.623385952915669e-09,0.053729242427689845,0.11029368026537316,0.1432316022719642,0.17027009965489273,0.18441226592552173,0.25803397993955035,0.30523284539618195,0.34587334738143616,0.18119239298152903,0.26835863096406015,0.3216750544084816,0.36368040378853506,0.16743037504696384,0.2254433995193754,0.20034297125506612,0.17135566104564584,0.15136166139440818,0.1876244217052935,0.17192474067590757,0.1510649117805742
scissors,0.28968536853790283,0.7824968695640564,1.909509883546434e-09,0.05382291723695095,0.11049013714635753,0.14531077870282158,0.17146862123151616,0.1796919997827189,0.2569844431250769,0.30557686327727834,0.3460175768504661,0.1782867280525896,0.2667133447576514,0.3214374242654239,0.36482448872459483,0.1666075848120539,0.22781301462351486,0.20332941826721665,0.1736815254242844,0.1513567718699935,0.19399838263194688,0.1810040860580763,0.1603687972213837
scissors,0.2859165072441101,0.7828121185302734,2.586751257638298e-09,0.0513942405105986,0.10427536389586897,0.13747588271507555,0.16621825602350596,0.17947730309265583,0.25779001369329957,0.30739351017210625,0.3487023971898689,0.17880757104009926,0.2680794097668951,0.32343763770518125,0.366719616082267,0.16772372816722236,0.22596795588688848,0.1978687604849668,0.16663119452812242,0.15254768520752432,0.19396956662890158,0.17767968024907613,0.15490904550496248
scissors,0.28757092356681824,0.7826794385910034,3.2491946910795377e-09,0.05241463116672821,0.10824289145756158,0.14308761156867944,0.1699660607692834,0.18156224357083744,0.2585220193467296,0.3073715450097517,0.3485746728468293,0.18093345039240694,0.2685330741237836,0.32191743811267814,0.3650912490697137,0.1696194572168788,0.22922846363706811,0.1972742416606008,0.16469435026138063,0.15374519034313777,0.19269654680092116,0.17249529665623925,0.14829308839413063
scissors,0.28962504863739014,0.7815407514572144,2.844160240655924e-09,0.053562574234307395,0.11004860415278238,0.14504163301369305,0.17273697378135142,0.18208837177081566,0.2594984530142391,0.3089607443546296,0.3501714785364027,0.18086801730388413,0.26982104693772446,0.3250151672273129,0.36895521859282165,0.16857903016542425,0.22999011811079448,0.20551430642821408,0.17723323174773023,0.15228981303741046,0.19250821582486002,0.17714462428695738,0.15621829474134466
scissors,0.2912185788154602,0.7760711908340454,2.2900661367231123e-09,0.05427708950200356,0.11108450907557735,0.14549477825088694,0.17238280723639193,0.18003758388538182,0.2574905775277007,0.3067920886291345,0.3476026694544911,0.1791077173960071,0.2660828747966716,0.3198861975898232,0.363539858744083,0.16818189200478345,0.22501345519977997,0.19476081067611106,0.16417347146326705,0.15306518910786213,0.18887795898299842,0.16927467427614798,0.14604103028247645
tu,0.35682234168052673,0.8763741254806519,-2.2813364530804847e-09,0.08486199485686322,0.1560384868464929,0.21762608503286818,0.2647645992737765,0.13776781635614807,0.18439590269558212,0.1661840162311271,0.1452277853957774,0.11498219409533304,0.15946228261419326,0.14263254871416509,0.12116999015239287,0.1044119094482848,0.13582314016333133,0.12068351865282864,0.10314770713803723,0.10671867005836967,0.12307816826995945,0.10709182244871865,0.09317117749604452
tu,0.35607293248176575,0.875740110874176,-2.3609572075145024e-09,0.08426325912982527,0.15715103966708832,0.2200713049489159,0.2669483843806074,0.13710343720076287,0.18575551066605014,0.16834645059048578,0.14504379647904103,0.11509234342612491,0.16015725411071505,0.14381197441631802,0.1211552034253131,0.10575697591446895,0.13650277218506476,0.12200743874461756,0.10422457716241992,0.1093651571339771,0.12538041367545516,0.1100215405294882,0.09567897688219792
tu,0.3517330586910248,0.879988431930542,-1.4317003138586415e-09,0.0867946997156869,0.16137110460596443,0.2267908891745861,0.27525652902210695,0.14134129404998122,0.19460477895493605,0.1744586811445373,0.1496401036260477,0.12000794242319188,0.16979590274587442,0.15202101939628515,0.1289376745086632,0.1101712958256696,0.1436474350680264,0.1282246729686494,0.10978287988431097,0.11174074036493908,0.12791879668969391,0.11184354620847121,0.09676548060824725
tu,0.3542071282863617,0.8770380616188049,-2.1938508787400224e-09,0.085534494925527,0.15867648822559755,0.2229473476180676,0.2712832075409945,0.13833137761435177,0.19078078076620011,0.169321211075886,0.14439123855012406,0.11800859447099578,0.166745361712173,0.14826702418970827,0.1253082842001546,0.10931059932582013,0.14301738539822748,0.12753023741609493,0.10909854060375436,0.11190865167583648,0.12993958910099906,0.11392121275697534,0.09894142220624577
tu,0.3531213104724884,0.8807404637336731,-1.0155426499736109e-09,0.08673148412894902,0.16269876035362876,0.22836710121916964,0.2767631081080248,0.1488934564757503,0.1952584380737674,0.17473714429475154,0.15297250631873255,0.12492282993176718,0.16810277820218966,0.14990609799721535,0.12898023393528896,0.11238222078147708,0.14183909436410377,0.12678566720451032,0.11028771749671577,0.11303506540708748,0.12627251919345348,0.10980312717105106,0.09638525142739027
tu,0.3572767376899719,0.8728440999984741,-2.305243107514343e-09,0.08517490174526067,0.1576715762458203,0.22078377758510465,0.2666037032327832,0.13688667629118512,0.18469129295904924,0.1682822402290716,0.14544043281206617,0.11436675842058654,0.15852643393920327,0.1431767996359187,0.1209355455011702,0.10421849035593717,0.13419108084133377,0.12017641659422273,0.10199566187144343,0.10696939686667029,0.12217922648722425,0.1069516844733194,0.09274529848381954
tu,0.3520904779434204,0.87738037109375,-1.870336552300955e-09,0.08536282219140062,0.15916116130676247,0.22143922201524122,0.2675680162966539,0.14184176627934075,0.1930674126570333,0.17439308984829813,0.15090500167396645,0.11902603000811243,0.16748192554222513,0.15047321046293077,0.12712183307666922,0.10894462852550985,0.14213722904218679,0.12736051314840155,0.10874247526304097,0.11164060647314479,0.12739800821212513,0.11201526636502275,0.09782276611355116
tu,0.35134002566337585,0.8798382878303528,-6.876694214064116e-10,0.08764741358104501,0.16375131918342956,0.22919447923595943,0.2769864915945194,0.14519255820493496,0.19802098004251348,0.17844823927515382,0.1548819099204266,0.12145390686922422,0.1737097144274571,0.15718943021534768,0.13414251247182302,0.10973396713975318,0.14862821861049696,0.13463294066442716,0.11539478104959151,0.11068826622481383,0.13255382420719602,0.1176995574509842,0.10153438008591145
tu,0.3548751175403595,0.8760520219802856,-1.6956587245431365e-09,0.08581572327418946,0.1594219620154275,0.22226038468072712,0.27098559885925577,0.14179262423732286,0.18852737786226656,0.16782735673521074,0.14413115124194362,0.11968862848474954,0.16279056886557164,0.14555582951627266,0.12350105025007928,0.10882740481052708,0.13711527457660305,0.12258499715081683,0.10565788144734689,0.11009246457668904,0.12373995592808357,0.10889841287289602,0.09607512464224228
tu,0.3518367111682892,0.875419557094574,-1.0118289539562397e-09,0.08617626414293977,0.16052853146193793,0.22486032987020227,0.27395803517931216,0.1439972931964529,0.19196570044401268,0.17269386095156067,0.15133636504923806,0.12095764228663766,0.16422160642098355,0.14699209210026867,0.1263065807114724,0.10924741660702482,0.13734771998478393,0.12333009539536946,0.10717254828637428,0.11057239807829598,0.12280852535917723,0.10733222223756791,0.0944438581546971
tu,0.35582083463668823,0.8727791905403137,-1.8666947987355798e-09,0.08458991027675249,0.15902749455949358,0.22095943540782162,0.2680905675081836,0.14102133146802898,0.1885598388081667,0.16718542818851373,0.14400723744279184,0.11686407233408617,0.16290865270602808,0.14439653513042308,0.12165793427607918,0.10547618813616313,0.13616473952271274,0.12026033577255398,0.10279899737775709,0.10796233497168305,0.1212060682425976,0.10497349713104519,0.09170914649436698
tu,0.35292279720306396,0.8735779523849487,-1.0798604233031028e-09,0.0873740994277417,0.1599429694613977,0.2235747247537297,0.27100142473058975,0.1401043833050175,0.19164910358167522,0.1724855797814032,0.14857457073260397,0.11827217583650775,0.16537149976794538,0.14881897773951916,0.12743901250754325,0.10846902460780293,0.13994446633400526,0.12643636715526127,0.11013205973928972,0.11060260521341414,0.12552834429207285,0.11023609124001274,0.09691674299630036
tu,0.287535160779953,0.8885138630867004,6.761881277128623e-09,0.08289532165582,0.17083773265278682,0.22955398537706775,0.28631328087457086,0.1590478020350764,0.17715502382297213,0.16281757668936483,0.1596846088962635,0.12079023682846586,0.15568662427316657,0.13310795054590557,0.12871131397182067,0.09929748144927601,0.1358131909617621,0.10413393651703515,0.08550900778896099,0.10261352673363051,0.1280673191351672,0.11155052712561346,0.0968697065487583
tu,0.2908414304256439,0.8937634825706482,6.350082237815968e-09,0.08503921407660112,0.17311129824460478,0.23115605673752548,0.2888210806860684,0.16943272617654134,0.18396420538185995,0.16879294869941378,0.16684376364920203,0.13051623757798939,0.16241181353891337,0.139017553370003,0.135648722927305,0.10705393745751884,0.14013985188020373,0.106746338899105,0.08909902185036786,0.1076501656755739,0.12971623520252273,0.11114681663237308,0.09605168135382237
tu,0.28610411286354065,0.8980205059051514,7.814923819182695e-09,0.08810308208342121,0.17920216092400515,0.2406161079707636,0.29952891065978143,0.16767354229391354,0.18744492112244793,0.17088274553863467,0.16713508722738732,0.1286162859105307,0.16654715312544416,0.14227919480261547,0.1368160165096757,0.10591182828358753,0.1435956720131406,0.10968031124455803,0.09096232425608404,0.10739799796402683,0.13239375905149856,0.11161774864239854,0.09408416777978368
tu,0.28421348333358765,0.8937231302261353,6.8952124010479565e-09,0.08987560343242916,0.17874920289684282,0.2375788251468854,0.29644541451063405,0.17088287065826882,0.18919499574598656,0.17238685095087558,0.16953336351901993,0.13245880273308053,0.16888172130719697,0.14445823829641327,0.13950507000224985,0.11020757617441165,0.14553093410251436,0.11059518577034795,0.09179527712244581,0.11187402255803162,0.13445894021110258,0.11301522749280335,0.09573031324227971
tu,0.28147825598716736,0.914917528629303,6.8029808453218266e-09,0.09264454271493575,0.1896675057775444,0.2549707318046318,0.31868992765480525,0.1833701210686453,0.2000472315573458,0.18061564789386078,0.17518067430996312,0.14232619544064995,0.17504165672316285,0.14948178441232124,0.14394520767537047,0.11272160837242368,0.15026396185014018,0.11752404049140229,0.10014942135384462,0.10598095478334506,0.13510952653827163,0.11745692818229121,0.10178567921372951
rock,0.3716624677181244,0.8790465593338013,-1.6251069379080718e-09,0.08521522688822451,0.15299556927297445,0.19565458492876656,0.20670903199816723,0.13838938325624017,0.18208174036642075,0.16848167633939853,0.14885772582095072,0.1169215200897022,0.15530305809339673,0.14222365032974038,0.12000496919880299,0.10611774832506002,0.13328309235968136,0.12213590891658453,0.10373988327826704,0.10663326790417013,0.1210859087851599,0.1090696037701935,0.09639046833741027
rock,0.37144041061401367,0.8785430192947388,-2.5438617878847936e-09,0.08536960006957903,0.14888029952287476,0.19088823041795183,0.2088498514993444,0.13976995192646516,0.1830450424057658,0.16848729147332797,0.14814098613052296,0.11867225210297644,0.1579923825309573,0.14425065688811306,0.12102957597205244,0.1080267098399656,0.13373740149654778,0.12145774356802139,0.1031805333266082,0.10833118096126446,0.12019285610027092,0.10762545978397435,0.09623654335212493
rock,0.37222644686698914,0.8775962591171265,-1.4779599766256979e-09,0.08355302981318076,0.1487645333812062,0.19090666076179347,0.2034271256637905,0.13492557862647767,0.18216727171868066,0.17111094797135912,0.15315445190204674,0.11413692089327666,0.15586867377949404,0.1441755097196143,0.12258332741553118,0.10492744117157966,0.13266798592401274,0.12161851666785015,0.10355137385310828,0.10661223604727417,0.11880035109380471,0.10657802403725262,0.09415288023743944
rock,0.36748945713043213,0.877602219581604,-1.7739527624627272e-09,0.08403188727555834,0.14752598767180322,0.18899446188838367,0.2062370753910997,0.13663302380711692,0.17989021539976166,0.16618905638095136,0.1470306408178282,0.11692958131649882,0.1554615971955228,0.14287141312273852,0.1206801773003513,0.10722996122316118,0.13298952496645355,0.12090390749066098,0.10210056691242093,0.10817786410091743,0.12092509767628387,0.10863435210132429,0.09625883098102024
rock,0.3682347536087036,0.8760871887207031,-1.6272305725095748e-09,0.0855380403858217,0.15226785236026263,0.19458267255031317,0.20706850639584456,0.13741849102925158,0.17854858643829688,0.16368973790655947,0.14399579078302238,0.11688060694579494,0.15501089871989962,0.1421123189431527,0.119207246488521,0.10785755458258214,0.13358604780550296,0.12135967045842082,0.10213196548067842,0.10980986582732637,0.12185973695365142,0.10928746066483915,0.09659052317182977
rock,0.36894145607948303,0.8759067058563232,-1.765947388321365e-09,0.08409621644450829,0.149667005688002,0.19234327972906162,0.2076174340485935,0.13781720903999425,0.18543883294228794,0.1716779686120087,0.1513038780769531,0.11565978148808448,0.15926610688187068,0.14720817358912353,0.1250204811395896,0.10497059246175461,0.13551464113063397,0.12474250575453555,0.106678890482046,0.10560348466919371,0.1207091748972974,0.10883782401096281,0.09646970670654184
rock,0.366590678691864,0.8780379295349121,-1.7574042221468744e-09,0.0872863199323566,0.15410085695529674,0.19765903840286395,0.21045752146049346,0.13741255495623203,0.1905038000485608,0.1758514216668529,0.15380485740533129,0.11708426466310812,0.16676414952520507,0.15368005102219978,0.12796719775450083,0.10831432023542675,0.14360691183289187,0.13201862537361556,0.11064236712677739,0.10940037544892424,0.1272327980394002,0.11501622363827034,0.10060891834199308
rock,0.3592328131198883,0.8706616163253784,-7.661840606409953e-10,0.08405220920428043,0.15060945200226583,0.1927942307503725,0.20471717364726938,0.13942008407985326,0.1853353572215154,0.17019175704456968,0.1513186341811214,0.1180741126184949,0.15960386891788855,0.14570876810537897,0.12275644871792823,0.10745765231523828,0.1361804610165581,0.12322935625961712,0.10389505115533645,0.10846084864973778,0.12293006777622925,0.10954681766659076,0.09638129653325402
rock,0.35782063007354736,0.8712999224662781,-1.7866546020428586e-09,0.08669124796699436,0.15293204964845927,0.19580110172561574,0.20852287898574492,0.1391877792890759,0.187001162772785,0.17193431690580546,0.15222659937845687,0.11801974925583314,0.1604283193043931,0.1463912393456878,0.12289164676476531,0.10800463184025151,0.13675982594463984,0.12424967600709393,0.1050404139995568,0.10931519833690101,0.12259408292328061,0.1095076826535579,0.09727386045454448
rock,0.2681688666343689,0.8479489088058472,7.622742437263241e-10,0.06228381745043589,0.13018355978991836,0.163861412726272,0.16346013580043164,0.14117610922997467,0.12589863664658982,0.12873790751177958,0.13762448274199815,0.11949682933869413,0.09735522049461297,0.09323481360418374,0.09681425516925354,0.10551987575666534,0.08177081771613828,0.06967951368452471,0.06827876096104579,0.10860124341080865,0.09433199811719224,0.08980652197765174,0.09337219963761198
rock,0.2628306448459625,0.8415430188179016,-2.4673535437003125e-10,0.06073331920210433,0.1298695118502927,0.16053815025918333,0.15021060565537983,0.1358341683918506,0.12410447296118932,0.12856409061129245,0.13777486498658617,0.11457282527872283,0.09634471116721552,0.09083797969724662,0.09478631987031211,0.1034234144565973,0.08390074567595796,0.06856880567129718,0.06584222328500122,0.10937091539561507,0.09836318564566335,0.09305386167656375,0.0958195577707885
rock,0.2508077919483185,0.8435608744621277,-5.465796704129389e-10,0.06354108928613708,0.13111387164498717,0.16087295091669887,0.14763496327795195,0.12993232860525697,0.11701112239877834,0.12304455709585199,0.1319596774407754,0.10527506169880267,0.09146212563654485,0.08316205766924699,0.08408678827671655,0.09257942207166024,0.07969988875720183,0.06128170133113058,0.05399667930126765,0.10014882919966238,0.09247768571658019,0.08669330101274998,0.08874959746702156
rock,0.26270896196365356,0.83710777759552,1.7025734988518337e-10,0.06374517058830076,0.1323870474467805,0.15938193845556922,0.1381557108293043,0.13327204609817614,0.1130369147968329,0.11515712029358148,0.12431399787837188,0.113320093314377,0.08460936053928081,0.0766538822012409,0.07934885202667527,0.10207949709413866,0.07208110335079039,0.05533921525863468,0.05239216275419923,0.10740361563009346,0.0884766704279736,0.0826988990559255,0.08685607076423926
paper,0.29773974418640137,0.8140433430671692,1.0107298997752423e-08,0.08542042523051402,0.1659259137338951,0.23545428806565072,0.29899933314816896,0.23217550297607645,0.33523447787582894,0.4016855772213956,0.45880517533333753,0.23536985299485527,0.35023684025594093,0.42183529740473025,0.48307735976613136,0.2291396533759462,0.3361751497408927,0.4092929686296174,0.4699153140194257,0.2177626500571138,0.3041382811877453,0.35879180535463456,0.4074829609001427
paper,0.2994600534439087,0.8132413625717163,9.523791533183612e-09,0.08527720968995109,0.16557975602945402,0.23457187823213377,0.29787286165400656,0.2310883093568675,0.33475565152572306,0.4012224927860936,0.45938811682450303,0.2341390963878613,0.3472850776047677,0.41946814478228084,0.48142002019486574,0.2266258447699364,0.3309285945992967,0.40535726053006244,0.4681675266129751,0.21270722517031387,0.2957204335051775,0.3510466110414676,0.40129963702657917
paper,0.30777212977409363,0.8155789375305176,8.523722172526504e-09,0.08257693333570977,0.1650713667019599,0.23554224217884215,0.2988879463809722,0.2369365663860885,0.3392480823361786,0.4046127629494406,0.46056180691870063,0.24030032188603387,0.356089215015487,0.431083589048782,0.49640279317856134,0.23178252406888772,0.33654069689961325,0.4084288567271542,0.46799586856836173,0.21676776552062452,0.300290106801373,0.3532465057146021,0.40021033773995235
paper,0.32068461179733276,0.8135277628898621,9.10765951545045e-09,0.08350630715391863,0.16887729913604335,0.24081305251879942,0.3040330417607503,0.2380602008451362,0.34201659056514594,0.40772996020660035,0.46365876354110336,0.2409348655599057,0.35972244182062235,0.43580487959678743,0.5014873064219344,0.2319303107144221,0.3391577062236453,0.4126336780216677,0.47314325779522365,0.2179076821592655,0.3014344235680231,0.35550942719652884,0.40441617148269565
paper,0.33647698163986206,0.8119693994522095,8.810927987212835e-09,0.08015088305259589,0.1658578346018927,0.2373296169978143,0.29939930547571203,0.23767286812758687,0.3399045598384474,0.40444016637245356,0.46015768174308064,0.24043461254906362,0.3592625499944404,0.43444396317763284,0.49877084459128423,0.23008262053182904,0.33605909883295393,0.40963749545838124,0.46948987343842696,0.2135768865392602,0.29484521623980725,0.3479125399313852,0.39527373464716065
paper,0.3507343828678131,0.8113948106765747,9.467123085471485e-09,0.08187983061325793,0.16877523730559657,0.24139685443486128,0.30499822177589797,0.240593057637279,0.34550930918264555,0.4100583146117056,0.46742449089720756,0.24307141265360457,0.36141701972682955,0.43503358714254076,0.5002406582630895,0.2325106526039919,0.33858159311552666,0.41045781851308993,0.47182355175988233,0.2169035824687426,0.2981322884864886,0.3488980369920205,0.3958561275973383
paper,0.3661189377307892,0.8087880611419678,1.0108635706274072e-08,0.08808296583018255,0.17868125528348028,0.25345626028965335,0.3181939984371539,0.24297191980342572,0.3519477705063954,0.4171864465415139,0.47634252090262624,0.24289620541442278,0.36144330585843654,0.4335794741345761,0.49805431618501467,0.2308550335297128,0.3350189210622013,0.4038453301232001,0.46310829166001827,0.2149117571779782,0.2938579516335542,0.34392754564687744,0.3913267920829933
paper,0.3819988965988159,0.8092907667160034,1.0317601883969019e-08,0.09025310323643522,0.1811217417906384,0.2562789534759141,0.32472871226765837,0.2470962330990663,0.3578747750901387,0.42538335129334537,0.48712751999834375,0.2458943504450491,0.365200571178873,0.43957984727799465,0.5068038116413528,0.23360062560280623,0.33986737253768146,0.41067605758784065,0.4724799794847697,0.2173617811826249,0.2977200990885814,0.3486465881467512,0.3966807623765609
paper,0.3924941122531891,0.8090035915374756,1.0594989774403984e-08,0.08785328188424454,0.1810353793719989,0.25722461994049234,0.32420828002619984,0.24920522840938233,0.358676153622801,0.4253911156355635,0.486842208399489,0.249489445535583,0.3693868394715885,0.44488977121587925,0.5138981788734008,0.23639772027703046,0.34254089952511635,0.41244568696900097,0.4731439423616277,0.21860995936988634,0.29789785887115355,0.349285037712932,0.3975892397986035
paper,0.41523391008377075,0.810513436794281,8.620152591731767e-09,0.09053587400083409,0.18528222416218082,0.262839529297448,0.3308661565688072,0.2528132955571971,0.36349923141844714,0.4287150641403409,0.48861782317438207,0.25098350113299844,0.37214822805523734,0.4465390230126695,0.5141517267713912,0.23566440029247165,0.34320337714441584,0.41334032696298795,0.4744603583304777,0.2166745146380013,0.2990108954914465,0.3506667706258447,0.3991420033699199
paper,0.43877148628234863,0.816457211971283,6.8257959284778735e-09,0.08878798721062262,0.18427909859950528,0.26046348881949655,0.3273440968281442,0.2564118903503358,0.3631257130426349,0.4279281756547586,0.4884916724448884,0.25444089377276713,0.3724935034400128,0.4469162915277406,0.5153285478921718,0.23804464121641217,0.3458252047978699,0.4184464599244885,0.48323829568691723,0.21867511305991558,0.30154500693028796,0.35368923724081336,0.40349302098469764
paper,0.44926631450653076,0.8209020495414734,7.71127339760369e-09,0.09029802846879259,0.1871549134675603,0.26438142604986525,0.33230609354532376,0.25493332768889065,0.36407146450267647,0.43007631124406404,0.4906501555695998,0.2538574077744673,0.3750577271753426,0.45368104939820725,0.5243415610313608,0.23917865360051674,0.3488640310140044,0.4207588230548971,0.4829121852570057,0.22198815834617597,0.3061656421463452,0.35934552687901944,0.40869368859258487
paper,0.4510999321937561,0.8252884745597839,7.238557309108273e-09,0.0911894141342706,0.1887300754839614,0.2683720004880795,0.3395494613023673,0.25846349982231126,0.3713246894392265,0.4411189781584135,0.5059672128953207,0.25717137198717543,0.38132595171378303,0.4621814185675575,0.5355096031352682,0.24146432279437446,0.3551818335560593,0.4328263536276024,0.5008344368220538,0.2227489341448667,0.30909678764699006,0.36383428297980674,0.4147840861419752
paper,0.45023590326309204,0.8279455304145813,8.482708757640012e-09,0.09300237436223911,0.19167398220277274,0.27213833166983015,0.3434077775373542,0.25959272985367726,0.37125772589842343,0.439191625327798,0.5035763076140577,0.259171355663595,0.3827823159375137,0.4620202616701735,0.5351969485758297,0.24326574478591625,0.3555357284132823,0.43043220117224795,0.49665231601484483,0.22348835002957582,0.3076648774306534,0.3611838963087952,0.4116888052053178
paper,0.4412180781364441,0.8219146132469177,7.666724144428372e-09,0.09432861484390384,0.19226860165504672,0.273143548605708,0.3463615341950432,0.26069524643268255,0.3728281494453178,0.4408773117212456,0.5042354842155901,0.2576410608714142,0.3810917172260137,0.45927295555868836,0.5316378173276363,0.2399636188855634,0.35163046809608817,0.4250660686050949,0.49147412363978776,0.2195337708557331,0.30420679453892474,0.3583440262598125,0.41089543323831657
paper,0.43705451488494873,0.8188413381576538,8.960300945659583e-09,0.09256957799194346,0.1896914649786649,0.2694359952329774,0.3388561595694321,0.25575139765249777,0.3667424054629326,0.4346459937663184,0.4975769055995124,0.25429996779873776,0.37588209685642426,0.4531308466309925,0.5240868525987953,0.23866059970201714,0.3482244557131077,0.421147001476662,0.48597829718014873,0.2189569054538961,0.30278052733112587,0.3558360153393565,0.4062371362084711
paper,0.42624974250793457,0.8108146786689758,8.87731932408542e-09,0.09111743471208186,0.18594937466938327,0.2638280226974365,0.33234926820099,0.25777619036346583,0.3709864039399638,0.43925316122841745,0.4999227901969593,0.2560386012309486,0.3792263282255571,0.45757920216271436,0.5283289532487232,0.24021071006704178,0.35006702131942186,0.4228983679792504,0.48502240157196286,0.22034114688278786,0.3055850176471554,0.35899373542032553,0.40715871816922355
paper,0.40142831206321716,0.7654916048049927,7.057196604876026e-09,0.0879091849095021,0.1774172973864453,0.25037023576634365,0.30943932135470575,0.25231937342832195,0.35284904206153345,0.41215295758059195,0.46403999510770094,0.2541787906339245,0.36333892411637686,0.42929003091129025,0.48445130899693434,0.2415341412333604,0.3409507326951011,0.4066441017684709,0.45956347472471576,0.2220320677176201,0.3016294773166886,0.3523179342777582,0.3976884049456009
paper,0.3935292363166809,0.7242162823677063,7.687886771634567e-09,0.08383968979611618,0.1661005625354671,0.23403297271026105,0.2877867947010886,0.2347049157050047,0.3324121491896527,0.3905762028816758,0.44004062478834244,0.23656673233034345,0.34204573712899716,0.4047267958907631,0.4553085701317478,0.22577157047907748,0.3210010418452032,0.38468053079257686,0.435061469461514,0.20867825754348204,0.28326647831889384,0.3285940918589577,0.36820471484121126
paper,0.3869483470916748,0.710321307182312,8.69099014977337e-09,0.08408692759472322,0.1677951327660189,0.2367447227429984,0.29314801163453563,0.23070539680312036,0.3255407598353995,0.38120875572695845,0.43078102770925636,0.2309083945596978,0.3336032496350446,0.3933648374048571,0.4451660546474082,0.22004347180766734,0.31318823343787,0.3743962208465747,0.42590010277769597,0.2036639974170277,0.2757585923232349,0.31816168525255745,0.3566910461890483
paper,0.3865187466144562,0.6983553767204285,8.782595983802821e-09,0.08227113157458328,0.16437941194962852,0.23136692107925586,0.2846528474998736,0.22585097734421825,0.3173756936099569,0.3701362716646883,0.4181245935628949,0.22566681476912467,0.3238204950189458,0.38071592529109427,0.43044927958941015,0.21371189284064812,0.30402722870311005,0.36386642599581015,0.41521210062418795,0.19670729352250066,0.2664537252147904,0.3098919906034345,0.35037509611843326
paper,0.37545350193977356,0.6543539762496948,7.0075487634824185e-09,0.07795285659503355,0.1574708838282731,0.22155527767261618,0.2694372822132845,0.2148120666385046,0.2920415776282784,0.3371106767977214,0.3764983542002151,0.2162712267124213,0.3025932596082485,0.3555245954860221,0.4016640535280799,0.20558886669258125,0.2845660590534776,0.3367155936472782,0.3810527079688361,0.18785610275027662,0.2506672491852637,0.28909691608095217,0.3247383536404662
paper,0.3846440017223358,0.6339355111122131,7.717712691146517e-09,0.07811653783065638,0.15423045089190865,0.2166174563923034,0.2655245705283411,0.20297673309786546,0.27489471588097353,0.31869728194321345,0.3585508108438669,0.2042328069077063,0.2880455449551417,0.34207912442900035,0.3886092564581553,0.1941085089693577,0.27173801385563784,0.324121962964325,0.3682307922694193,0.1783585585112507,0.23805454195694428,0.27365269016805815,0.3052734940192782
paper,0.380612313747406,0.6108549237251282,7.174274951893267e-09,0.07373960120089708,0.14560865408363852,0.20427665682751167,0.2516323624934748,0.18996888982103358,0.2623091920347421,0.3074541003894483,0.34653217862976377,0.19178956160107605,0.27385752906495636,0.3268611799075002,0.3716546852831824,0.18451017387970803,0.25998889137187636,0.3115268562229378,0.3538971241666394,0.17105273490460915,0.2294307270731931,0.26432529755669654,0.2940417722128484
paper,0.38378673791885376,0.618378758430481,6.130810081828031e-09,0.07180180495684724,0.14527313527889454,0.20445990436748793,0.25212960843520416,0.19806440622878135,0.2715117056477746,0.3164790082786614,0.3545985897066483,0.19840116400934205,0.2809071684249824,0.33393771645220727,0.37896874813639947,0.18926830133841233,0.2644809061097308,0.31589667498682367,0.35757779842490867,0.17410206030712028,0.23497354800173653,0.2713417086152049,0.30244070203205187
paper,0.3736300468444824,0.6323249340057373,7.560855053156956e-09,0.07605126640793898,0.15305273026596386,0.2147086731800507,0.26302667643832833,0.20907194243691798,0.28908348058600464,0.3365446694593384,0.3783477470564906,0.20767690196294883,0.2929756006061592,0.34481640947830294,0.38963329264333857,0.19471261667524373,0.27374330382480294,0.3243058523589731,0.36667940502815816,0.1769709743166446,0.2379889546741633,0.2772718758980198,0.3138271277659043
paper,0.3687596619129181,0.69856196641922,8.531300998981806e-09,0.08118480441758572,0.16797395430383924,0.23882354064868408,0.29605288104180844,0.23719890909383579,0.3294755780343721,0.3846434190094087,0.4331029930336029,0.23603419870824766,0.33503259410998165,0.3944107315075467,0.4452580900887025,0.22145188304223182,0.31172904917314587,0.36916164418332403,0.41679779526562905,0.20208872862620011,0.2725567903377927,0.3171206869766367,0.35812461526755535
paper,0.36337748169898987,0.7661423087120056,9.950840151873308e-09,0.08768278153002611,0.18335605122479157,0.26180018826975693,0.32864661472968787,0.25947744813851864,0.36542801217642545,0.42849344486926305,0.48536336249588286,0.25691121766416114,0.37307183787116444,0.44175476557412957,0.5027263170018323,0.23968443922600144,0.3444572639054629,0.41275434602173283,0.47037109367804747,0.21733037004479733,0.2964798938478177,0.3481420644260891,0.3971274616166547
paper,0.36664342880249023,0.8219412565231323,1.1874418781587792e-08,0.09379253822259491,0.1959079749891056,0.27767350360694504,0.35341314866656376,0.25963812321868474,0.37645409882961195,0.44815535375780713,0.5129313792303497,0.2572183077223637,0.386099315675701,0.46860173896558827,0.544483149317863,0.24306868940877405,0.35513326172278464,0.4317712517512862,0.49678971185226284,0.22726232726729653,0.31183602248465403,0.36680874991206597,0.41748279064272487
paper,0.3646785020828247,0.8662796020507812,1.3433967716025563e-08,0.10183276253957635,0.2073807755913373,0.29426706283925075,0.376055556557222,0.26422846045071813,0.3857296019428214,0.46328291025067597,0.5341769666532408,0.26195300066356714,0.3987711605367692,0.4901853053025546,0.5734799960183121,0.24794890315737336,0.3693919560493972,0.44883827277636695,0.5162552793047152,0.23278731336255062,0.3207697525814647,0.3777846296470003,0.4296964956899837
paper,0.3566371202468872,0.8883333802223206,1.4500686873475388e-08,0.10509705850321395,0.21430227554362655,0.3033854589700654,0.38764200119042136,0.2659608957794567,0.39113046744609803,0.4718068301538284,0.5445983040465366,0.2627167921095958,0.40156516925680946,0.49546848450611924,0.580430698228796,0.24875961794867862,0.3707814924459471,0.44958859680361435,0.5166444265716384,0.23413436801837656,0.3213441650849563,0.37615818326257877,0.42573051779462984
paper,0.3586703836917877,0.8804340362548828,1.2789587167105765e-08,0.10614495353132174,0.21696879734577468,0.30734775695948857,0.39405966070309545,0.2650337850723429,0.3911398405028959,0.4745480216320701,0.549834780303092,0.26109817136223307,0.4009522378584602,0.4980905505362864,0.5860600958145048,0.24780597080220318,0.3706693205922373,0.4505422586484307,0.5183247405394913,0.23550903902433004,0.3243650110995644,0.37996111202185856,0.4297690184083262
paper,0.36015868186950684,0.8862322568893433,1.3326480363673454e-08,0.10540763611595566,0.21445479109361482,0.30377484665107446,0.3886777875198218,0.26596032811913833,0.39073754060259747,0.4725367981480148,0.547048000149927,0.26189072418574794,0.4008421907347844,0.49606442844466725,0.5825785140446909,0.24695495194424957,0.3682775144919759,0.44706659789978315,0.5148994078659261,0.23208978013362194,0.32005495955042956,0.3745299163123534,0.42404618947993855
rock,0.3562902808189392,0.8652342557907104,-2.846369584474928e-09,0.08995948702169376,0.18777969437261938,0.25575533699767583,0.30122450250285393,0.27705922522495485,0.2657686979934403,0.20838094960257889,0.18745154690665852,0.26996897067053854,0.23809173086564775,0.1769533648999141,0.1677312607038023,0.24828719668402344,0.2053651657856855,0.1470766661607373,0.1336732573005944,0.22675434929711333,0.18538088335482084,0.14098698076620234,0.13159212098058307
rock,0.35300561785697937,0.8690465092658997,-2.522582365216408e-09,0.09136401197992025,0.19106150800838453,0.25822205662647024,0.30005078659657386,0.27998533957090666,0.26721255818020484,0.21029391326975563,0.19287325780167416,0.2727371881691307,0.23641748245979946,0.17689405129766475,0.17116433991844995,0.24985790510383593,0.20642331355547522,0.1506694103549408,0.1409761405209588,0.2273597190900789,0.18674509507645876,0.14507049686272094,0.1381516693440443
rock,0.3514525294303894,0.8687505722045898,-1.993901710406476e-09,0.09110820051580211,0.19218707712844021,0.25994460542197695,0.2919608650039807,0.2779939040380196,0.26568757496877654,0.20975931045621612,0.19234397873283188,0.269694655869672,0.23481766856583708,0.17453210912790162,0.1675122158193077,0.24627367341203651,0.2034854846815228,0.14740092501975038,0.13697905162278476,0.22406101842283058,0.18185684909843838,0.14054868456198055,0.13367018163233874
rock,0.342695027589798,0.8760503530502319,-2.644655161532228e-09,0.09225171680767516,0.18752512347888903,0.2518961331467022,0.29255032393174835,0.2793921767369513,0.25269551787608224,0.20016457020330142,0.19121709050577884,0.26906821881590576,0.22431344854282195,0.16975712991407205,0.16887396364943288,0.24387779386553687,0.1977364484421215,0.14520257015178112,0.1381522453825144,0.22162946665129377,0.1784366062044189,0.13977135489959952,0.134788048803997
rock,0.34261274337768555,0.8806954622268677,-2.6399904484719627e-09,0.0901744959953558,0.18630503393840395,0.25091180499540494,0.2908330546054982,0.2844807444301778,0.25669722401686224,0.2038386331879268,0.19668260875157131,0.27378831404605164,0.22469136966723788,0.17208771779328327,0.17302476895064267,0.246668920180771,0.19618260014717842,0.1458479071079574,0.14044376952009627,0.22207994805990983,0.17549423859629448,0.13860141888782943,0.1346574680494408
rock,0.3364940285682678,0.8922513723373413,-1.1694737400702593e-09,0.09499267006717146,0.19046419695820346,0.2526638796615065,0.2876263778718587,0.29323816482340403,0.2554199228346236,0.2056488965985809,0.20848582396030488,0.2815086408034185,0.22294931197815798,0.1739995279955741,0.18093168347780614,0.2513892508425185,0.1941554612487954,0.14721064855602797,0.14772363501304075,0.22257446564775876,0.17149650058771027,0.14051060576712868,0.14233128359717076
rock,0.3335794508457184,0.8968489766120911,-1.5116679019655521e-09,0.09981730675830511,0.1952267721086182,0.2560226311000479,0.29244512669166944,0.2946340123943273,0.26512041390370134,0.21515269970083467,0.2141892519310844,0.2774841742478984,0.2310791424304413,0.18071231912596783,0.1838855220601399,0.24603052325180644,0.20025992685504077,0.1518543349349115,0.14857464360580042,0.22069488270319304,0.17720122175253936,0.14598918722473,0.14501843383050103
rock,0.3411731719970703,0.9053276777267456,-3.2045646691791774e-10,0.09471035758763227,0.19733492323775614,0.25822088238486346,0.2696292451294356,0.29748829075877087,0.25705658574946866,0.2122644260399148,0.2133916758815419,0.2804672136746033,0.21524038291436934,0.1741345275542588,0.18176790679044635,0.2448658322233727,0.18165198570457256,0.14272746704352235,0.14472237999069631,0.21277806864027887,0.158998776442619,0.1348702516941623,0.13782228314166695
rock,0.33393755555152893,0.9048916697502136,-2.9734707751583045e-11,0.09031391945115484,0.18010142428491968,0.23652919741003647,0.26454639090109594,0.2845940050500495,0.23957119390915343,0.20883426188082987,0.21407537943187027,0.26192574636955424,0.2007887713047569,0.1688655261169116,0.17540664812745432,0.22338775742297323,0.1702940147597181,0.13775378037436234,0.13655336914614838,0.19381734578761262,0.15608605581018525,0.1421766309661158,0.14305435944784886
rock,0.360379695892334,0.8803457021713257,4.8548751685473235e-09,0.09038396846558029,0.173510037084021,0.21941222878621455,0.24863035168252842,0.2696188116208457,0.25067762377570657,0.24520659220613794,0.25597141089961967,0.23897464020117354,0.21820490930437964,0.19858075645232737,0.1957623120717267,0.20598743405561393,0.19640640246210966,0.16910444433121766,0.15189963377563553,0.19325742396884935,0.19244809447239228,0.18458919898838924,0.17543378100199244
rock,0.37188953161239624,0.8867053985595703,4.0813690205254716e-09,0.07513304528052869,0.15748060113360005,0.203608543846844,0.2170462423952037,0.24233848540106104,0.20626555349413306,0.20577907046194777,0.21893498713934678,0.22026310350396736,0.17402234678825598,0.16436930341151093,0.16943728936774619,0.18720328461950836,0.15038947768025482,0.13401966097809484,0.1262145222836647,0.16976721302605208,0.15409107941789824,0.15129187106510694,0.14575882926322475
rock,0.36778777837753296,0.8767035603523254,4.756920191084646e-09,0.0796110441544055,0.16116886639629036,0.2046988818916814,0.22238607269081942,0.23374892708947687,0.21084971182914078,0.21744621123511337,0.2307373115799361,0.21054221010243088,0.18630055947301097,0.17287498709788685,0.1730720306925146,0.1802422425316566,0.1697377000107753,0.14617413453647704,0.1305568619217724,0.16966084754888397,0.17710493085825607,0.17039012453615407,0.16103533597303327
rock,0.3596435785293579,0.885718822479248,4.67424232653002e-09,0.08177828010482009,0.16630384334605092,0.2132514844071712,0.23736526398549293,0.25061444219308115,0.22897806708602803,0.23081087084288218,0.24281928807489267,0.22448222549806685,0.19918056404946033,0.18769989305625867,0.1884159961310903,0.19026230677718464,0.17640758338425072,0.15661869777482348,0.14316342714166627,0.17504590406804676,0.17677143220609495,0.1734787302835903,0.1658378858261074
rock,0.37201374769210815,0.8711771965026855,3.664394787605829e-09,0.07687034085666716,0.15627600390740976,0.20347884141448072,0.22902317946801762,0.24037059526390256,0.21478422531458372,0.2187453277502591,0.23365367239168763,0.2204523451325509,0.1859051065678666,0.17629029945034402,0.18048463659898073,0.18927380254334275,0.16336244804360728,0.14648497542021835,0.13821809021452322,0.17264572069207662,0.1666843903524075,0.16509174725260362,0.16062511249094671
rock,0.35971009731292725,0.8852955102920532,3.425272288026804e-09,0.08343909228189676,0.17252615615073275,0.2244854471924463,0.24048028905725144,0.26544273768100535,0.23807648103715875,0.23119342742673474,0.24181778093069983,0.24926111181789484,0.19828979893518242,0.18212436322878178,0.18638746691744928,0.21572513951340552,0.1705127689078247,0.1507669581494649,0.14672778154093236,0.19245969652482203,0.16416926993173905,0.15826113487187815,0.1563639626366778
rock,0.3279629349708557,0.8890352249145508,-2.415206645789425e-10,0.09396890381041555,0.19587937556594925,0.24821605750358353,0.24743298541922829,0.28867812729785747,0.26115178821583884,0.23651954114142912,0.2416623918059156,0.266578804829847,0.22633544834948124,0.19178011387828803,0.19053901198660453,0.2313517978788138,0.19564493244749756,0.15657577559464,0.14463464576441123,0.20592029638724665,0.17651847750034214,0.1611621184225249,0.15871010625137405
rock,0.3294731080532074,0.8955563902854919,-4.655178742485333e-10,0.09652545818360284,0.19258763823352934,0.25247030535465154,0.2725430869911926,0.2980578011024555,0.25500522154022837,0.22181810574329391,0.2304220235647968,0.2794750189819385,0.21238485856174982,0.1761668134815119,0.18677092982399535,0.24205371530007927,0.18001074744775108,0.1445515969814802,0.14712242805444864,0.21020173213220944,0.15711940800033558,0.138299094839212,0.14304634542761988
rock,0.3321572542190552,0.8825591206550598,-1.8033939619410688e-10,0.09014284118103258,0.19188425382234314,0.2543760663592371,0.26014508398412445,0.29514465027034975,0.24940371921487486,0.20991660115849228,0.21495947269448898,0.2841430529024138,0.20722206588624947,0.16505978756089634,0.17515180513132533,0.24935109674967884,0.17282340159272466,0.13424764190455551,0.14051240093726888,0.21514990178437485,0.14661183677484999,0.12159380183288598,0.12897366402613872
rock,0.33299723267555237,0.8638572096824646,-1.1673153554880855e-09,0.08232688527777822,0.17687875602289763,0.2431200711954372,0.2735293316841164,0.2857976139242588,0.24607001830420228,0.1968183163090742,0.1953185006301477,0.27893566701246525,0.21015248988835408,0.1609710665575991,0.16800141386801679,0.25033353629336,0.1777561894845221,0.1340546328144133,0.13889918641031093,0.22102182262614667,0.15941193991177546,0.12785929898557588,0.13291362042913762
rock,0.3317606449127197,0.825264573097229,-3.0560987074323975e-09,0.08642770867479896,0.18402845104484436,0.25155391459900095,0.2877740450712323,0.2835153476739898,0.255530367706218,0.20361641083841822,0.19606890865229445,0.2766732437706025,0.22215209194268448,0.17207684418883384,0.17500168037951436,0.2516457081812342,0.1947473796601341,0.14624006140204796,0.1429919837858761,0.22745760941522689,0.17941410172443886,0.1396316524923522,0.13591275540330755
rock,0.3282070755958557,0.7722475528717041,-3.3298046542284965e-09,0.07975665772817923,0.17205676784382576,0.2387875504318684,0.2725951836229661,0.2609717029430248,0.2493845727262111,0.192431309752097,0.17049460851230697,0.25771766584263384,0.218144990429435,0.16093962312144364,0.1505500027490227,0.23928409518919314,0.19368769767517827,0.14088443068379497,0.12863209063115552,0.21917203243718553,0.18163004871475216,0.13864094556195633,0.1274352411701622
rock,0.3243056535720825,0.7317935228347778,-2.922640129909837e-09,0.07621206617464173,0.16618384797883815,0.2341594938787834,0.27448085310039355,0.2452749985962571,0.25109773626455795,0.19560782410772853,0.17280613918073107,0.2454817427632796,0.22537751519349813,0.16003427944409412,0.1467894795752871,0.23173765750682793,0.2045074396539219,0.1437239363260332,0.12820974969908774,0.21708480095073485,0.18658901931367977,0.13873849832470872,0.12663644262045448
rock,0.3363594710826874,0.6743317246437073,-1.124587867273874e-09,0.07263114702759352,0.1553333558065129,0.2167833681598449,0.2541952220071529,0.22296922467816377,0.23335246982374694,0.17754142833168918,0.1536351427003985,0.222343641975905,0.21585071676081768,0.14839945696001852,0.13176432615367661,0.21172167021845123,0.19706105880899386,0.13330460333937103,0.11526571013525974,0.19968091509514768,0.17891567085311733,0.13160399605516807,0.11912925543302855
rock,0.34325242042541504,0.6514912843704224,-1.7829993037565828e-09,0.06920468542334607,0.14851275960405838,0.20790867028150858,0.24952449798875617,0.20943229906254487,0.2252202630687158,0.17095449221645956,0.14637430711896962,0.20710645434989838,0.20776112759618032,0.14014303166906542,0.12163240461352609,0.19759330256720437,0.19049637636805858,0.12624009106018488,0.10595360005648502,0.18736512976916694,0.17923881446431572,0.13287030269635347,0.11739968035461912
rock,0.35631799697875977,0.5999759435653687,1.5000858333280576e-09,0.05589897748195666,0.12079264867807833,0.17240850035810174,0.21230600946514674,0.15915871225051328,0.1932845898671987,0.14907824606275769,0.12430438408299883,0.15411759026144842,0.18241988856649724,0.12319461458473333,0.10448502793125601,0.14963776285386526,0.16925160381307963,0.11014346671728573,0.09094839093215702,0.1493530223108741,0.16204128195716702,0.11805128178332361,0.10088551230596329
rock,0.3633599579334259,0.5890313386917114,8.645649751670703e-10,0.05244386338928089,0.11464011012141312,0.16361261746147188,0.20073989865664124,0.14753831771211467,0.17628935302256987,0.1356903277790477,0.11284006573290298,0.1433481239176052,0.17135646884988814,0.11480482809482019,0.09444980098024686,0.13947270764571096,0.16155215213455915,0.10455005240468757,0.08396286878897445,0.140473759964012,0.15281867109242142,0.11012779011882877,0.093172568603087
rock,0.36740902066230774,0.5865764021873474,1.233059099270406e-09,0.05219782322663689,0.11218748562783369,0.1588365403161024,0.19864685488202793,0.161329173965782,0.1976023753585771,0.1593124934091128,0.13042439335723724,0.15764951539701946,0.1810086946974888,0.12349501763006174,0.10224690257484599,0.15306917226515757,0.16318889067140613,0.10817781622039425,0.08876433233925676,0.15047379957430007,0.14762517168369554,0.10864100143073044,0.09551649187347283
rock,0.36516767740249634,0.5987777709960938,-6.49632514448939e-10,0.0615086513666495,0.12674654545870362,0.1750835109698471,0.21446919582174837,0.1789353197478318,0.20593596328880157,0.1611945261349624,0.13066203964518305,0.17634795580648416,0.1872057193872368,0.1312513650600064,0.10768708583559054,0.16808873630879712,0.16626540439067053,0.1124836485660093,0.08893154431049481,0.15763789370629275,0.147318045484027,0.10909115950273662,0.0937752592633414
rock,0.3631158471107483,0.6231664419174194,-1.3043925939371093e-09,0.0726339987802279,0.14633776013349065,0.19957425577267254,0.24067385819185363,0.20156430402990705,0.21531265731112104,0.16889667169127998,0.1417576332339264,0.19576595692389412,0.19459189354644715,0.1435486508566714,0.12668929894961095,0.18013879597513854,0.16985772057137502,0.12103321056059033,0.10358428337713373,0.16115605846403366,0.14681282994887193,0.11190968254539085,0.10054478684366343
rock,0.3469427525997162,0.6845030784606934,-2.951430488895568e-10,0.08988689676995038,0.17518996484479915,0.23327485846182103,0.2742268121392364,0.24592564135892883,0.2526201372569189,0.20259839988465142,0.18133653535138636,0.23095113138471599,0.22816847946536986,0.18025164125486723,0.17075284105851216,0.20378511773770586,0.19665660305941093,0.15077922729765092,0.13900458711335797,0.17602453966468173,0.16527204700708742,0.13558106686532584,0.127793557940178
rock,0.3301965594291687,0.7200809121131897,1.555116313500804e-10,0.1076350167460069,0.19883062658631068,0.2543998334897479,0.2818514022840538,0.2757023064002447,0.2844014573234043,0.2370584455412157,0.22072293172592716,0.2500760731693378,0.25227729753456596,0.2042227583062283,0.19684854734833387,0.213122219195856,0.2162237674323788,0.1674861893520179,0.15392562518150832,0.18161284586557036,0.18051459624871058,0.1483492735629566,0.1356843897478271
rock,0.32803675532341003,0.726516604423523,1.366739915686921e-10,0.11987700643790038,0.21160040203604163,0.264608619249965,0.2861298880466585,0.2738041473706024,0.29099968671319015,0.24986222762007432,0.23406573909540346,0.24161442021090432,0.2588044452069496,0.21457118905467223,0.20633955478407195,0.20341028780573228,0.22277336146305576,0.17440596072363074,0.15581624156473092,0.17846352249437722,0.19067476847544065,0.16075151171319604,0.1445887812173874
rock,0.3295603394508362,0.7390798926353455,7.827609393995516e-11,0.11356495473340314,0.2057501008914559,0.2605893969692943,0.2865742050987022,0.27695150181457123,0.29963141976147895,0.272595311122534,0.2603908327522449,0.24434578778524021,0.2588668623218554,0.21498281321818533,0.20644666960238534,0.204458545030335,0.22292170910848194,0.17469634229888176,0.15835347476784387,0.17669531420865361,0.19197115992643154,0.1618437404426123,0.14638192599141783
rock,0.32786184549331665,0.7449921369552612,-4.2607775641023693e-10,0.11636675029546345,0.21106666960134912,0.26998772212130984,0.3016480632150753,0.27755469669549304,0.29925753568033076,0.26596675740491976,0.25284177371441263,0.2431247030400782,0.26477499598917076,0.22152283718477053,0.21311872110122201,0.20495247441036957,0.23146506605919126,0.18088060656424854,0.16006412640132014,0.1838241256246079,0.2049491793668619,0.17310114584949376,0.15409176887331896
rock,0.3206108808517456,0.749004602432251,3.679457016847465e-10,0.11187151595515568,0.2115016597849402,0.2768274801343999,0.31222608622857567,0.2641122673224234,0.2903808219746017,0.25688726668135786,0.24399106007059482,0.22879072604004663,0.25778261319104256,0.21381076537221694,0.202098273867098,0.19179247937046026,0.2275812708559641,0.17737117398416916,0.15442623764354005,0.17416820006803688,0.20317586390310846,0.17014152102134647,0.14906891383806298
rock,0.3164498507976532,0.735009491443634,-9.197111960901339e-10,0.1055653443351382,0.1940447420404329,0.25131757805008886,0.2839981258154184,0.23702958069948488,0.28774526001462797,0.2685529957917759,0.25396376922229386,0.20558144580895435,0.2588127799235777,0.21072671461979,0.18334482233824065,0.1797750465262206,0.23061584600464916,0.17643141341822324,0.14205384105193108,0.17832495724942612,0.21553492921616976,0.18101800512094562,0.15413332728643858
rock,0.30742156505584717,0.7428305149078369,1.4434781148153775e-09,0.09262550377012163,0.1966057400651556,0.2742342456020898,0.32183027284153154,0.22532682690418557,0.28176875014591884,0.25519424477631836,0.24005984692424598,0.18682310208797925,0.25621021988916676,0.21302511215838765,0.18184452917233412,0.1575793003942304,0.22669968999134776,0.17859330254329098,0.14153986778703823,0.15361059516077868,0.20753484859200322,0.17275029111790458,0.1404970722916153
rock,0.3061981499195099,0.7427640557289124,3.1763196517431425e-09,0.09520260919236179,0.20092018326653605,0.27604742446894776,0.3173177293035188,0.21894562700563355,0.2904966180184802,0.2651940086068181,0.2441090154820315,0.18097711166973598,0.2612199096533558,0.21707015460271847,0.18049703238925832,0.1566788527730266,0.23190718190414786,0.1846090191260211,0.14518824444188666,0.1585451850562197,0.2136555128978612,0.17876788861116272,0.14490366168751748
rock,0.3108772039413452,0.740894615650177,3.83095111189391e-09,0.09685261477616292,0.20218916486802196,0.27947679006781656,0.32226257287445426,0.2082352810951495,0.281577707408159,0.251886664025398,0.22963643536060435,0.1715410535586299,0.260698870536995,0.21820220140672839,0.18381014010299282,0.15137856288939455,0.23159541922442187,0.18544469097267197,0.14579342880763535,0.15445928134959327,0.2100328035848658,0.17490663979868173,0.1416757707820696
rock,0.310469388961792,0.734153151512146,3.178350471699787e-09,0.0902239993134286,0.19116621964662409,0.2693617294278056,0.31171671084936886,0.20032458387673524,0.2864071385882053,0.2576017134780998,0.22973649716616257,0.16794462542050043,0.2656972563029727,0.22196636911003365,0.18297983573452806,0.1532297389726407,0.23448864675206313,0.1904526284319765,0.14854022084467647,0.1599218025638425,0.2129291545046372,0.17885809589690876,0.145408134900857
rock,0.3123262822628021,0.738227128982544,3.5719140978329733e-09,0.09293647805011282,0.1909231795178153,0.2661010901932385,0.3066030499725923,0.1950147270260689,0.28332350098648035,0.2727531373631065,0.2546292437854468,0.16436695980740523,0.2651448865842057,0.22780843620465255,0.18453650225288265,0.15095267115791375,0.23395271182261204,0.1942481170675463,0.1508540449244244,0.15655902821921086,0.2113659475831828,0.179335429399272,0.14440966905814195
rock,0.30540093779563904,0.7411600351333618,2.4504935858260524e-09,0.09406482999958038,0.19655149225035598,0.27049969815562347,0.3021722914559841,0.18536406861756433,0.28385640067651835,0.2572448719063303,0.21948178723669293,0.1546082858013452,0.2611517805126267,0.22286662352542158,0.17937885780312673,0.14352626419695877,0.2284082007486561,0.1901993483775918,0.146836986084633,0.15104052441376703,0.20163787439004027,0.17047243112709554,0.13640966379889535
rock,0.3031701445579529,0.741264283657074,3.998039233010786e-09,0.09601104742570997,0.19427552240842427,0.2661826343827913,0.2982145832581503,0.18317233908482575,0.27536973694849326,0.24878073162530454,0.2139862283286702,0.15435851918988816,0.2520970591416166,0.2208089989380134,0.18132104715568081,0.14304981830449015,0.21967030750513716,0.187517415698057,0.14919696019617817,0.1484683710820566,0.1922996219958125,0.16464769664605602,0.13475910491313542
rock,0.32193589210510254,0.7503471374511719,3.731829067987746e-09,0.09249766615075204,0.19301786326548798,0.2664278986619074,0.29786415082617873,0.19619497504482372,0.28267095067190734,0.2550369916638628,0.2264029007104069,0.1647678943239969,0.2574136225711294,0.21950856758037704,0.1806910676384023,0.1496311796929783,0.22216358068593528,0.18310170136092957,0.14225889600326885,0.15400218207306376,0.2005956778433229,0.16950368750033817,0.13775805898527343
rock,0.31961092352867126,0.7445479035377502,3.2259441784532328e-09,0.09854668259786986,0.1934761889095612,0.26470070387576977,0.2973715574614029,0.198416019618259,0.2776539493483768,0.2513598340226198,0.2222077504428965,0.16778434552043553,0.2498714686468933,0.21794079062472155,0.18255962272123744,0.15027977710744816,0.21298047443682136,0.18145118741196012,0.14758918126708137,0.1493591619101027,0.18776283494375962,0.16105293158799655,0.134276931634531
rock,0.3363018035888672,0.7264770269393921,2.5944966175472928e-09,0.10516208990215359,0.19395493619127074,0.258121659060517,0.2879081009341737,0.19712931692088176,0.2666887494689329,0.2375892926927377,0.20704340339314678,0.169865040429276,0.23461403436008343,0.21075347072440162,0.18210668525113216,0.15400473500923195,0.20354689128702058,0.18180786667658266,0.15640583183953025,0.15009865261871122,0.17685831758207465,0.155833239952072,0.13550589104743102
rock,0.3523622155189514,0.7035164833068848,-5.4397011201023915e-11,0.10095237926442872,0.1841494296320622,0.24604401237665904,0.2704429126521051,0.20278210537201996,0.2516199621807805,0.22576440261051245,0.19712827220803122,0.17631152859736057,0.2146277493837836,0.19172040890874426,0.16454327710197258,0.1554383223686811,0.1811825542873673,0.16038022210466166,0.1365696981083072,0.1438880401417634,0.16039124249356573,0.14009732465483377,0.12095198506356142
rock,0.35715559124946594,0.694203794002533,-4.279841203658208e-10,0.10488425824102128,0.1883437263524511,0.2485789461756504,0.2685913931542066,0.2026843663334181,0.24339525620759736,0.22277064213715617,0.1992628811169143,0.17567304644256532,0.20523273731771327,0.18525964954525656,0.16032926292615998,0.15224598324045313,0.1719332537498185,0.1546961180047365,0.1343111580743102,0.13580513560759228,0.1487940411981249,0.132246517312231,0.11587933661835383
rock,0.3613279163837433,0.6880501508712769,-2.4435899970143282e-09,0.09763316358856419,0.17379770471190895,0.22972743890771183,0.249857223900845,0.19678817351037287,0.23771894601350116,0.22097698939797977,0.19909746540552742,0.17428595727614382,0.20503746726775718,0.18710137139909672,0.1630620765193725,0.15319442763797098,0.1747875499089432,0.15880543785824533,0.13896127194450716,0.13716192775716737,0.15454500098486396,0.13909074995769097,0.12249325746789473
rock,0.3579683303833008,0.6877365112304688,9.49046286002897e-10,0.0971321375263632,0.16295437982248565,0.20640281561954493,0.21962499309704603,0.20037836556545427,0.23149432757449193,0.21173631894278688,0.19003494646544528,0.17973186929115584,0.19535389126667996,0.17394768988364523,0.15324218607027423,0.15802329118015057,0.16686146316034373,0.1499970842589042,0.1333946603560107,0.141876803545499,0.14840404159252393,0.13294877910473532,0.1183602671845082
rock,0.35777780413627625,0.6893879175186157,9.328116057361058e-10,0.1011881381847329,0.16700060704218422,0.2010754852697376,0.20409220459681274,0.19647901508868734,0.2212608015740545,0.20013730555187076,0.18025113617619598,0.1740426141697779,0.19417299253816472,0.1749472124950752,0.15316064602676324,0.1544007006048222,0.1696188155634109,0.15298959723306982,0.13391860889251042,0.13963687153583051,0.14971359049362873,0.1346634355140943,0.11954571919224621
rock,0.3617025911808014,0.6853088736534119,-1.4123452407588388e-09,0.09430201404239036,0.15779835706588516,0.19443350417127245,0.20004126339699127,0.199261460422532,0.21542258557124916,0.1923718512254989,0.1729264808089888,0.17640171151024986,0.1879239936087067,0.16659358969297222,0.1457770826583618,0.15291707299071197,0.16209559892473627,0.14354570848198156,0.12515215302694838,0.13421260635929314,0.14251554428346627,0.12638162058377328,0.11142633938847347
rock,0.3682829439640045,0.6793842911720276,-2.447589464438238e-09,0.08985555875033961,0.1552332577435016,0.19479292027314396,0.20357316956441365,0.18329398160153457,0.21274892714825205,0.19424438443452957,0.17190444672792193,0.1624875768464261,0.1829127742610677,0.1645902866622125,0.1423086128742216,0.1427965964260366,0.15694586047697445,0.1419785565261188,0.12399684319132158,0.12750480835262842,0.13735604391373998,0.12406571324553811,0.1103500488081055
tu,0.38035571575164795,0.8624477982521057,-4.329332892183402e-09,0.12107279459448589,0.21696035687064047,0.30093058999203626,0.3686397122136513,0.20919869517183892,0.2364389131860294,0.21366879922076037,0.19117163851408464,0.18134329687150014,0.19994239187907606,0.17919050499932637,0.15653307542578,0.16192964450950023,0.17005162520522035,0.1542598617422533,0.1357541027198498,0.1565960299600777,0.15596378341723044,0.13974691126061678,0.1265490262452533
tu,0.3762747347354889,0.8632272481918335,-3.560926220558258e-09,0.12169855391657614,0.217829354287488,0.30368433992549376,0.3720182644117937,0.20971245323373852,0.24179848480041025,0.22275667183910933,0.20062423780856042,0.18118211538668597,0.20526466113256184,0.18784199525722586,0.16635735917160793,0.16131718794451355,0.17483919965800251,0.1609086296021688,0.14241985356752268,0.1561789200429,0.1607173137551082,0.14547991425431803,0.13162954562693582
tu,0.37479323148727417,0.8635226488113403,-3.729550446252006e-09,0.12038904688442953,0.2148629308618827,0.2981777506808408,0.36706845059004206,0.20554581805575928,0.24316056521164384,0.22229533729173245,0.19689925733746,0.17588733508593543,0.2064503896871538,0.18731186921932932,0.16185814696376416,0.1575254876436232,0.17434175621900372,0.1576185147408021,0.1364407641258979,0.1545413600843865,0.159687099252647,0.14170728033373797,0.12513387806348858
tu,0.361732542514801,0.8554902672767639,-3.2553915119137855e-09,0.1180379806545714,0.21123835592091667,0.2952877909174794,0.36282951737864494,0.19409298842364683,0.2431565079002053,0.22206225140181096,0.19270248388037425,0.1659635719436017,0.20981348235530176,0.1923115149806958,0.16405036938746226,0.1525254576765757,0.17862768326574327,0.1625683220594425,0.14008792327122702,0.1541529574405412,0.16424732203913753,0.14613038613003576,0.12854027305690796
tu,0.3284235894680023,0.8749595284461975,-7.189080442060458e-10,0.1204456167271108,0.2175211305859978,0.3057392721451928,0.3748746402481607,0.2017188038567185,0.260669445374812,0.23626073125629019,0.20254408607713023,0.17265722214654533,0.22768254830323187,0.2091049137253012,0.1802366196902895,0.15806269057763683,0.19569150579061725,0.17875806921912454,0.1553378141783109,0.15875087795230752,0.1762771831470547,0.15646221919061715,0.13780782520196896
tu,0.2818688750267029,0.8939895629882812,-8.17810374975636e-10,0.12031721071097139,0.2251667463740588,0.3224934917805282,0.39346032236577977,0.21256968217780128,0.27657262941085825,0.2500173584619244,0.2161673191162291,0.17823107972566066,0.24040380997499564,0.21900814033075947,0.19002009046709734,0.15925177970428703,0.2051464271035453,0.18641185722480869,0.16243099991913965,0.15899168339549102,0.18216256269933062,0.1609441224090737,0.14156542925995044
tu,0.24329377710819244,0.9041644334793091,2.2460985849015458e-10,0.11696278572676518,0.2277923722027341,0.323245026842258,0.395527054806821,0.21314465418372425,0.2830514941180409,0.2508602903798106,0.2132643214087574,0.17692272274859458,0.25057405608198385,0.21957345466454403,0.18335071195646468,0.15988931256634775,0.2159149219972537,0.18762925360584598,0.15798891577182012,0.1639693504206718,0.1918743409936012,0.16419806847491641,0.13962894164590922
tu,0.20063398778438568,0.90742027759552,1.571279661938263e-09,0.1089054200707999,0.22202089384271986,0.3183198439815949,0.38823696338402414,0.19945866442956725,0.2790483354991787,0.2500869280813362,0.2148645120707814,0.16457932388213742,0.25310843771777236,0.21834014186753908,0.17812122726837162,0.15335680099742827,0.2205174024799086,0.18638036796870464,0.15110918814297794,0.16376107384268848,0.1995719695621569,0.16913528066691982,0.139522101595157
tu,0.18048150837421417,0.9134485721588135,4.724224567098645e-09,0.0993883519744927,0.227195702459888,0.31459452912374225,0.3732915862720354,0.2260060707168352,0.3050220083812448,0.3036022002634934,0.30831925791546283,0.18446276169978262,0.2824508416424967,0.23702676801677827,0.19227034713663113,0.16916183672218735,0.25024489418694695,0.19248234345083814,0.140064285448407,0.1837918528717332,0.22762894903918726,0.18417461060231222,0.1414537290284666
tu,0.17616915702819824,0.918981671333313,9.633422948240877e-09,0.10802137096516201,0.223387055912994,0.3011360626226878,0.35094709319215056,0.23784480485458168,0.3258021691641846,0.3789213542575669,0.4236020515838418,0.19588109028336229,0.28827305100922207,0.2534353303448049,0.21619936320519648,0.17587739997294158,0.2550032689927671,0.20027281920297713,0.1511611620465111,0.19012655892307673,0.2370152450481476,0.1949306587915148,0.1547044357738552
tu,0.17570704221725464,0.9183024168014526,7.661315137852398e-09,0.10203190382145046,0.21575517984453166,0.2956702674383256,0.3506875783390211,0.23443442264054679,0.32206538150153385,0.3724301420193977,0.4178813463225784,0.1928933639856515,0.28699500744182227,0.2483351799779634,0.20901739191468005,0.1721083550531561,0.25241326324804575,0.19768635901689735,0.1486105674206436,0.18535126182748118,0.23343129226412104,0.19273265928208708,0.15265829624219363
tu,0.30591684579849243,0.9052695035934448,-5.024279214893568e-09,0.11949880939902811,0.22018272773579387,0.3121562531452636,0.38228807395630293,0.2088227224561223,0.2775570345867012,0.25284761865114014,0.21878011807222622,0.18047289446194123,0.24335759180527203,0.2209592274551228,0.18774707961136688,0.16679197251073669,0.21063579870926816,0.18935063952764972,0.16179784041952722,0.16858972219654852,0.19137313028441091,0.1692583891949973,0.14769162276026768
tu,0.35256895422935486,0.8910889625549316,-5.416406878566704e-09,0.12276555836442635,0.2207497136371652,0.307334527590723,0.3760342116556072,0.20895552967815859,0.26161136824359205,0.24386034823926558,0.21836822066512984,0.17854006004778614,0.2244905146862558,0.2080397205047233,0.18179182973931887,0.15972414062545728,0.18882620870602806,0.1731344142407766,0.14989348798646765,0.155979469588117,0.17016424277255898,0.15309473960069298,0.13553954579516217
tu,0.3944886326789856,0.8823937177658081,-6.275248765064134e-09,0.11857218973134522,0.21254140210534758,0.29524681759821286,0.36021570693770405,0.20767679138352863,0.2515185371044217,0.23576952893840242,0.2146117361660028,0.17948127069696002,0.2190120333754795,0.20403504824008137,0.179823373138996,0.16149066465409953,0.18898933460815553,0.17486405746123376,0.15236922311186754,0.1565455401442743,0.17162419584621272,0.15738109180982812,0.14186341971464506
tu,0.42954856157302856,0.8921446204185486,-8.795344896839197e-09,0.1271390517577615,0.22713886370978986,0.31140584266423355,0.37882106596915993,0.2227284256417347,0.25939017976472817,0.24131425998463096,0.2222724702146571,0.19274217295299031,0.2244246743587024,0.20854204284895075,0.18491618950748567,0.17082060711369984,0.19507038761201603,0.18058479116988732,0.15649522460964932,0.15979129796025468,0.17308616389382833,0.159451710829355,0.1438213275089351
tu,0.48657262325286865,0.8990061283111572,-1.0214773915606656e-08,0.12245550108220937,0.21860917534126256,0.30192776556335577,0.3661075326192149,0.22282094059221488,0.2343215195377315,0.21053019265449294,0.19595799901331223,0.1900050126373941,0.2020222013285721,0.18522034845236196,0.1665465270407737,0.16625446189447446,0.17655166655214893,0.16150579409679292,0.14006770185843295,0.1542701253660086,0.15885751829225592,0.1465729387405165,0.13391120043283405
tu,0.5161544680595398,0.9036238193511963,-7.188547090919428e-09,0.11883652270829485,0.21603898685456882,0.30306550173480185,0.3686283902873758,0.20970364384148618,0.2457519016250542,0.23181718213786554,0.21648262166779977,0.17895636311052596,0.21673707275931808,0.2070230626821811,0.18941400767162747,0.15688099028219618,0.19149127874991353,0.18329769115285566,0.16333976001333542,0.14637280269870112,0.17006121927933515,0.16187557419298584,0.14890877533546215
tu,0.5213830471038818,0.8851853609085083,-6.243270345152041e-09,0.11544161070766787,0.20878265746346694,0.2935083290404059,0.3588072769546651,0.20100805553177414,0.23323728108202987,0.21711067701063055,0.19776567602182715,0.17021113587086892,0.20554524466913504,0.19548599336930486,0.17658848384580997,0.14811901166810554,0.1802936473724023,0.17254196532867747,0.15313417431249285,0.13720504023156765,0.15977829991439613,0.15327962262559186,0.14253093335117087
tu,0.5273942351341248,0.8809192180633545,-6.520481043992277e-09,0.1140508260842374,0.20602449903971568,0.28885713530156165,0.3522773852334419,0.2042295438192404,0.24054898663884894,0.2381153397209281,0.23181420791612767,0.1737657097100616,0.21282429073621797,0.21419436939065667,0.20792555514619035,0.15215447699985502,0.19179308125712982,0.1926282250532004,0.18042542224737854,0.14199085431799177,0.17526368714096013,0.17867187437131252,0.17524013959497495
tu,0.5158199667930603,0.8652661442756653,-7.049891781463202e-09,0.11558376236246767,0.21544872978673812,0.3014748771988646,0.36812679708014634,0.23058069547919866,0.24976968938760807,0.23946664947257193,0.23228016892148587,0.1954435552678249,0.21632195768103205,0.2126775199133785,0.20991414080385404,0.16852441661656758,0.19882398110958535,0.19818654753419818,0.19000873041035624,0.1532742621523801,0.18706070210630116,0.19379999487530253,0.19483849794590555
tu,0.4934961795806885,0.8284264206886292,-5.253260937365667e-09,0.1039140653791864,0.19569700306540155,0.27336588994644856,0.3355808678082992,0.19810375504825745,0.2078884592506531,0.18711116013782503,0.17147640294891833,0.1612609466670471,0.16792701079775926,0.15498576374552053,0.13967537003267,0.12879077318474574,0.14044608433916198,0.13082370194569362,0.1145872820612671,0.10793951036451141,0.11691546639382364,0.11272339806516374,0.10608596935107124
tu,0.48467838764190674,0.816736102104187,-6.591501566788338e-09,0.10340389128112248,0.1991370594302157,0.2803935249103815,0.34030273011125023,0.20180768131222152,0.20682497325851776,0.1864048755222926,0.1725758196488271,0.16468914857963982,0.17095687685293987,0.15977421818801593,0.14709371987447714,0.13395202217279994,0.14880186779117627,0.14227486813105314,0.12871315926880506,0.11623537159898825,0.13096910965040037,0.1315402675215415,0.12906773650406628
tu,0.47024503350257874,0.7870389819145203,-3.0458098265739864e-09,0.0951693822288557,0.1835959403871435,0.25625024762540843,0.31236074400844255,0.18522824176018618,0.16973868615909612,0.1470949020739784,0.13794430165176227,0.1490536819529533,0.13226466128484332,0.11808684450306352,0.10592850568580113,0.11817894115176497,0.1085426827811815,0.09791515943964736,0.08584180271363763,0.10079534667325814,0.09212018388861283,0.08474200198551476,0.07951045305072801
tu,0.47505635023117065,0.7668479681015015,-3.6571343731139905e-09,0.0895705576386823,0.17336279361611245,0.23989891715728687,0.29630476975956943,0.1703532296471973,0.1475981097735235,0.12111814627426433,0.11398110010183056,0.13637189638718847,0.11275487598749424,0.09929706711701401,0.08857322948803197,0.10811905762677071,0.09231552865886848,0.08221523864500585,0.07254843504662595,0.09389349966319124,0.07999616779955754,0.07376211959532428,0.07180418658495798
tu,0.46866604685783386,0.7709593772888184,-6.639583993717224e-09,0.09510922797683695,0.17868622111285817,0.2507015845295305,0.30778747684161234,0.18098151368714824,0.1912191248658638,0.16389989790019796,0.1451273459475463,0.14911373719861862,0.15465233044418875,0.13721689646735225,0.1186949515233685,0.12149192572046555,0.12665124245435727,0.11357194376631799,0.09716017213763709,0.10629119566600956,0.10544238971472708,0.09510886237313489,0.08646461854976659
tu,0.475921630859375,0.8030944466590881,-6.902355131899185e-09,0.10349615803230519,0.18654901975925864,0.25806693908704764,0.31785797726773696,0.1876405334770737,0.21393689431563626,0.19380819836786325,0.173311607448265,0.16196918044122266,0.1848373841251816,0.1678679852559013,0.14580475413416155,0.14262657338202628,0.1593799309966573,0.14475688167142567,0.12349643865434287,0.13351203086228192,0.14423362630026262,0.1314520802090749,0.11702534076759476
tu,0.4685817062854767,0.8090343475341797,-4.0192476014055956e-09,0.10508831097762773,0.1887589039267938,0.2634581082804472,0.32593810676082646,0.180775334502236,0.22992336475034827,0.20896690971063778,0.1817038092193228,0.15415856306830503,0.195977578743806,0.17647320008316056,0.1495029371900051,0.1387463348583677,0.16395615965225363,0.14678439667988466,0.12504399607780242,0.13649917283158766,0.1469505715963974,0.12895651115965762,0.11211828105177592
tu,0.426288902759552,0.8335965871810913,5.93237103885258e-09,0.09578688393500893,0.200400973349616,0.28569508983743613,0.34752518155648976,0.18096936197981892,0.2490890010771135,0.22379476961092684,0.2009557906806914,0.1462038780557142,0.2324093640575223,0.20004451213083588,0.1670225410440678,0.1370600258197791,0.20462399131230613,0.16859940039208757,0.13398600557279736,0.1510911392454321,0.18769814567271295,0.15711047483673932,0.12901064018696098
scissors,0.3831080198287964,0.9712609648704529,1.9922059557586635e-09,0.06551124413294297,0.13341672518092274,0.15975146591861183,0.17664268216955487,0.23196453934651465,0.3461721351585153,0.41610524915083724,0.4730289793034954,0.21809842431215043,0.3364118290969047,0.408639668462962,0.4661710144104956,0.19438659556084473,0.22710197015984082,0.18649583976595188,0.16276919016878688,0.17749864520429143,0.1836170992828952,0.16269632553687052,0.15206302871464836
scissors,0.38991624116897583,0.973728358745575,2.417840150314987e-09,0.06445857474733312,0.13382635486199684,0.16606382120332655,0.19022848165171294,0.2361918864697824,0.3492975653848644,0.41925856307578624,0.47622731543331925,0.22228411489757524,0.341609063954303,0.41382970803730945,0.4732481858936662,0.19919572573760397,0.23826738311617338,0.1981476593689985,0.1750102638766406,0.18393123483641874,0.19419642953563557,0.17392711644634037,0.1636684390018708
scissors,0.387813538312912,0.974956214427948,1.6441367156616593e-09,0.06384671312092109,0.1307762536675502,0.15950298179184572,0.16924033098993577,0.23236564661599038,0.34406944633427,0.41297714824435167,0.4700642561080742,0.220713600426168,0.3369355750024614,0.40930712884016085,0.46692760386200766,0.19741606565530673,0.22129017892880673,0.17878988972207602,0.1537794992770308,0.1790840477913283,0.179871219784226,0.1563954406278688,0.1433290410696681
scissors,0.389758437871933,0.9745385646820068,2.1272563710539316e-09,0.06332040203805704,0.13042348667436476,0.15823325717616288,0.1781852777118312,0.23273653694684204,0.3450114102084351,0.4143965884455672,0.4692343502237403,0.21885979210812556,0.33616730356721275,0.4066664139749003,0.4629109068495916,0.19452709339592675,0.22758546855989334,0.18419552186348143,0.15896522574924016,0.1765590017838281,0.1814737552881107,0.15869925291476378,0.14700850405598073
scissors,0.39205196499824524,0.9850940108299255,2.8959936670958086e-09,0.06479982456145925,0.13296252180663298,0.16193480578222072,0.1747104636773797,0.23748493875432652,0.34847154607567526,0.41758680013733157,0.4740715136351945,0.22434595872624846,0.3399633629725859,0.41083455773246563,0.4674059456731321,0.19847698369459554,0.2263966898406686,0.18013778115469267,0.15131106501174907,0.17673158442356923,0.1763877498369048,0.14900123646739652,0.13347641704614377
scissors,0.3883972465991974,0.9768795967102051,2.312849023411445e-09,0.06728099114527995,0.13709228463786813,0.16598285885862477,0.18673985986833214,0.23754641714990435,0.3503293855416909,0.42058909968924657,0.47876235278859114,0.2235891208237424,0.34037319218023965,0.41236833478281554,0.4720127271602035,0.19993703329709206,0.23456012132555942,0.19408700981185303,0.1704010919735309,0.18362576795570798,0.19124160528971787,0.16919254802083042,0.15749605895544697
scissors,0.3870675563812256,0.9723114967346191,2.0691459656774214e-09,0.06382524730472448,0.1310890788989586,0.16034854575305188,0.1801887413004114,0.232549467255809,0.34596242252155945,0.41674502230714683,0.4750807985604623,0.21863072172911177,0.33467332154279755,0.40649050114502505,0.46552952515309304,0.19461156465609006,0.22749012707118044,0.18667275271345674,0.16366915959114745,0.17728223350011718,0.1848775382145722,0.1629585200404121,0.15182810359042556
scissors,0.38669759035110474,0.971684455871582,2.2823141154759696e-09,0.06502026224608425,0.13057553461876303,0.16167266552905996,0.18396422498863185,0.2322565679497286,0.34243690716010405,0.4113897246605014,0.4679967942789749,0.2211066415442795,0.33462881475284834,0.4046560024420847,0.46283938726990065,0.1975279301846073,0.21412476643427766,0.1786978283892509,0.15971784107607695,0.17941876314915164,0.17225200976477822,0.15460114544798131,0.14686745200698495
scissors,0.39303678274154663,0.9752851128578186,2.735520032715044e-09,0.0646589973579127,0.13045408669320077,0.1553127457567792,0.17390444827119683,0.22944935270963213,0.3443154483918967,0.41589855229127254,0.47415839710353447,0.217271605873981,0.3330433400620673,0.40583884099741785,0.4636016921481209,0.19519817206133847,0.2230569519116049,0.1815934167734189,0.15721238746994506,0.1786034580761742,0.18096148326526149,0.15926035235102642,0.14771180267673406
scissors,0.3969786465167999,0.9815651774406433,2.3294968176656994e-09,0.06665658300178177,0.13489833250044506,0.16326221780005176,0.18640272571247693,0.23624500679603644,0.3491788564967964,0.41974525757858533,0.47741980619460617,0.2227452567796897,0.3366215655474645,0.4076683093594238,0.46607716635546653,0.19945398652788596,0.2285376191511384,0.1838514258335552,0.15844672930663511,0.18187034058581814,0.18600119767672663,0.16098847976071898,0.1480530228867506
scissors,0.38253703713417053,0.9823991060256958,3.4359364242675383e-09,0.06597804882139745,0.13497089260727047,0.16969162643053093,0.19816947633283932,0.2351571761880163,0.3509805702851843,0.42227213425993165,0.4810212344824669,0.21897786198460148,0.3376223244417304,0.40901223572350426,0.46849786989267,0.19412289762724605,0.2347288625958824,0.1920075531344294,0.16829494151219682,0.17741035380910863,0.19044437112951038,0.1669073369534381,0.15511485418107498
scissors,0.3913675546646118,0.9850999116897583,2.8735611667940475e-09,0.06867182419775456,0.14039658287665144,0.17165434058240944,0.19296994394941716,0.239056830378003,0.3513618915943032,0.4228556737633782,0.48110805031418996,0.22505260978507197,0.3426304591719666,0.414438775009605,0.47410718882261216,0.20144582480889137,0.2361046020264583,0.19621173971294842,0.17273401818822165,0.1847255145196755,0.1922491100165189,0.1707978125745861,0.1590603896358223
scissors,0.38564246892929077,0.9741510152816772,3.0116571458904673e-09,0.06669522311931966,0.13445778474219056,0.16531711620315012,0.18663422543038993,0.23096511229865982,0.3442127464978501,0.4149085730958415,0.47251807132407175,0.21767186126461238,0.3321042137708775,0.401876212514993,0.45928295294857613,0.19481942885493503,0.21326676197036934,0.17670589187871127,0.15663642447418574,0.17920866822963882,0.17670929151161965,0.1581701388306621,0.14904601566867173
scissors,0.3872425854206085,0.9745105504989624,2.3021573536397e-09,0.06996671504746997,0.14056670441877275,0.1704150878338403,0.19255138582785106,0.23489860253919795,0.347083193948305,0.418833588851731,0.4765178314115356,0.22024603705305845,0.33577597975330253,0.4071822585413247,0.46916187828069233,0.19742216236018503,0.22107918639521157,0.18370589758218978,0.16510746117433414,0.18324730252326843,0.1830028542374388,0.16460361231496604,0.1565659976983566
scissors,0.38083723187446594,0.952316164970398,2.093389683821556e-09,0.07867806416743008,0.15396166047601328,0.1931618118931822,0.19603392441043613,0.24283360612168414,0.35218560179157304,0.4175384726691761,0.47434411265375276,0.22548230370714953,0.32401339211139135,0.3930804629423295,0.4461632499355334,0.19652393895651513,0.2150488004495351,0.18387597890027646,0.16201545076908486,0.1739121639302148,0.18150591211889242,0.1644284291102316,0.1505752943835259
scissors,0.3790944516658783,0.9599858522415161,1.9725239219781088e-09,0.07834782008255858,0.15542839001473718,0.19551757874779885,0.19601582210956633,0.24285525618727566,0.3525016298711979,0.4187994835877362,0.47684735445207926,0.22569944266496203,0.32668530289691156,0.3953233383835322,0.448876052760316,0.19692887262416242,0.21992246293837506,0.1887586854679416,0.1674982502492849,0.17354562594332562,0.18313876186482644,0.16800388215859424,0.15636099269639442
scissors,0.3891542851924896,0.9624903202056885,2.8802760176915854e-09,0.07728139010427712,0.15101395642592294,0.18849949186976372,0.18952930891237432,0.24275790705305975,0.35446945564455884,0.4197694953363821,0.4753600921286074,0.22423430989949283,0.324484796203774,0.389834129199222,0.44068182302259407,0.1939558795793064,0.21332632264914342,0.180590297476343,0.15714371726081405,0.17034481062064685,0.17436824419289376,0.15673297612293857,0.14231643716588985
scissors,0.3843801021575928,0.9592723846435547,1.9434269749041277e-09,0.07540989492772837,0.1493444685995528,0.18781155798525095,0.1915377692519293,0.2409846120279183,0.35196855325963233,0.4183768601873334,0.4771461191160374,0.22376156618696333,0.32382498161437634,0.3911699627733842,0.44443722158813065,0.1952684393043921,0.2149131039263222,0.18160565449268432,0.15943494183353132,0.172982217705731,0.1778294432411091,0.1597265258474974,0.14661548553075818
scissors,0.39351141452789307,0.9745573997497559,2.8753301961614852e-09,0.06590889350393188,0.1387780434100942,0.171050944687644,0.19020227218571323,0.2454492877462408,0.35488143620749524,0.42337629044791114,0.4801473243761682,0.23297136664823903,0.350027664661429,0.4205697695428046,0.48041180860953175,0.208071605252121,0.24558315354178892,0.1978035436277933,0.16859849447263797,0.18783522984960568,0.19443886006489086,0.16539137793315667,0.14932847252081333
scissors,0.3669368326663971,0.9301328659057617,-4.5475612164835866e-10,0.07008048043297833,0.140201864134056,0.17354197108898747,0.19834389885803155,0.239935640197849,0.3459989359828727,0.4155139416641705,0.47367111460682954,0.23013300023523853,0.35292267350959555,0.42937718986598866,0.49374234418426216,0.20576065091853765,0.24321081759950927,0.1963871001893918,0.16857175455789558,0.1810203779205221,0.19179779553367393,0.16303092560362883,0.14608434268798598
scissors,0.31928107142448425,0.7264389395713806,4.352893157033577e-09,0.06978700235294225,0.12978950359156488,0.16859119799189226,0.21155265288412742,0.22139167636271725,0.31210192127114444,0.3754656508860954,0.43291497073887847,0.23470685838582356,0.35298428680128807,0.43111688766777223,0.5030714483112366,0.22854572150799185,0.3365503074928577,0.41320457896586016,0.48159075920046784,0.20360199750072938,0.25821133365830967,0.251296877617652,0.24097701605592942
scissors,0.29533806443214417,0.6107065081596375,9.018964242102356e-09,0.0698909101537899,0.1261029739259363,0.17104442242495618,0.21780631896593475,0.2008215757488486,0.2862836500632911,0.34164566581526323,0.3905204740660264,0.21045381303410055,0.31047020960736826,0.37144979653806776,0.4238100759565929,0.20583817631567825,0.2915035425736639,0.34488111949699624,0.3896621570641408,0.18688843661819615,0.24735569741186944,0.2683492052434451,0.2851966048853838
scissors,0.3489026427268982,0.6052945852279663,3.238167289865146e-09,0.06760552548614053,0.11920621922244988,0.1569113419200801,0.20074786042340068,0.18490344662179956,0.2641318844579228,0.3164283079342437,0.36185090195270225,0.19143393765658034,0.28768974055591895,0.3470649223102322,0.3944920616170829,0.18815925312462267,0.2516941832202504,0.22518402539691187,0.1952562626585528,0.181577333579285,0.23720162719890417,0.22974488934384918,0.21088241015750672
scissors,0.3557133972644806,0.6365292072296143,3.203068921209251e-09,0.0600157508116434,0.11431174258580808,0.15463660728413073,0.1940826900087484,0.18760421101795388,0.26949564233722023,0.32099340567074625,0.36446966541312253,0.19339300061002543,0.2935528097041185,0.35163229820366415,0.40197131591249585,0.18950580705056713,0.25690726090813315,0.21801468728824136,0.18129753316162356,0.18448403764510923,0.23668935605356872,0.2199153725538009,0.1962160117196854
scissors,0.36302077770233154,0.6710639595985413,2.8514473005003538e-09,0.05786081067340701,0.1137262566532705,0.15300866569767188,0.19321071336325563,0.19015972502782627,0.27129281397577604,0.3232197847098959,0.3685428350233686,0.19722670112648769,0.29659710812964146,0.35890163720717594,0.41144018795690446,0.1911207296753439,0.2641920430613515,0.2421591491943906,0.2145249016749561,0.18225634165979407,0.2351656670621862,0.22976996280192552,0.21493875226520856
scissors,0.3611695170402527,0.678376317024231,1.5251024887419362e-09,0.05727088623806015,0.11198397033583794,0.15165985932758644,0.19538582648524738,0.19134250229595737,0.27520364138250736,0.32994948648068273,0.37547123610455063,0.2001567475018786,0.3039562627652551,0.3689288021890688,0.42095060531861983,0.1945461120397892,0.26775612547246386,0.2466128911697153,0.21946608490745792,0.1838880936573789,0.23180295593420866,0.2236392930772513,0.20745244102163649
scissors,0.35643714666366577,0.7029655575752258,3.7526297624879135e-09,0.059836369333100776,0.11717819816290666,0.15521472478826207,0.18850304333713988,0.19697105298809534,0.2795864086535511,0.3328228445745292,0.3787181464372036,0.2038097346513536,0.3039996381649389,0.3638916516323169,0.41388658142042223,0.19858674317516742,0.27441968491359187,0.23951438460106203,0.2006871912600078,0.18869350808008623,0.24492762911395952,0.2257573253530252,0.19649094699717967
scissors,0.3564837574958801,0.702009916305542,3.204562393221977e-09,0.06331654466167581,0.12004734174559631,0.15596168675002445,0.1941716881191623,0.19457827260558588,0.282299843064094,0.33834549563755506,0.38672574310752206,0.201950072718413,0.3087853135440624,0.37305841220183494,0.42270206546877603,0.19723447579677142,0.2753017810384641,0.25597763501878384,0.22663776429681176,0.18768322166911483,0.24083452099318117,0.22919236245447688,0.20673160520551762
scissors,0.3598986864089966,0.7042742967605591,3.4532929849007132e-09,0.059913157010177305,0.11534274056713487,0.1510517687740521,0.18395183275085195,0.19486913154814853,0.27754590111139016,0.3313542564156408,0.3779732948124651,0.20308147065494306,0.30346984363666263,0.3646396383998219,0.4159085295470261,0.2002160729049625,0.2743475283012722,0.237125924940674,0.1980033817551427,0.19249781565538573,0.2442166754902512,0.22038515655006194,0.1894889394426398
scissors,0.3543827533721924,0.7020590901374817,2.9967710535316883e-09,0.058043254072144154,0.11396012464397726,0.15283600429486707,0.19517149863298888,0.19395581655894026,0.2835482622328879,0.3394775982430567,0.38684991213540065,0.20110381326477839,0.30939381123532345,0.37400388022491443,0.42334262761525676,0.19485829195823992,0.27109366596804707,0.2575831567880326,0.23465878177277563,0.18363700762399773,0.23460041031205536,0.22952812116741245,0.2144213317646292
